{
  "name": "angular-material",
  "version": "0.11.0",
  "ignore": [],
  "dependencies": {
    "angular": "^1.3.0 || >1.4.0-beta.0",
    "angular-animate": "^1.3.0 || >1.4.0-beta.0",
    "angular-aria": "^1.3.15 || >1.4.0-beta.0"
  },
  "main": [
    "angular-material.js",
    "angular-material.css"
  ],
  "homepage": "https://github.com/angular/bower-material",
  "_release": "0.11.0",
  "_resolution": {
    "type": "version",
    "tag": "v0.11.0",
    "commit": "d7e0653bcfaa6647017515a1d49abebb183ac20c"
  },
  "_source": "git://github.com/angular/bower-material.git",
  "_target": "~0.11.0",
  "_originalSource": "angular-material",
  "_direct": true
}